   	       	            fitness            	              size             
   	       	-------------------------------	-------------------------------
gen	time   	avg    	max  	min  	std    	avg    	max	min	std    
0  	1.38085	10405.5	10906	10289	223.977	7.16667	9  	5  	1.57233
1  	1.70099	10400.9	10906	10136	235.265	8.14286	12 	5  	2.29463
2  	1.9456 	10475.4	11214	10148	350.765	8.25   	12 	5  	2.16506