   	       	            fitness            	              size              
   	       	-------------------------------	--------------------------------
gen	time   	avg    	max  	min  	std    	avg    	max	min	std     
0  	1.30148	10881.5	10957	10760	79.6068	5.33333	7  	5  	0.745356
1  	1.54132	10837.9	10957	10781	54.1544	5.71429	8  	5  	1.16058 
2  	1.67611	10856.9	10957	10760	75.6694	5.5    	8  	4  	1.22474 